0.801,0.798,0.797,0.795,0.795,0.794,0.793,0.819,0.824,0.828,0.832,0.835,0.837,0.839,0.844,0.859,0.874,0.886,0.897,0.905,0.914,0.848,0.871,0.893,0.914,0.933,0.951,0.968,0.849,0.875,0.901,0.927,0.952,0.975,0.999
0.802,0.8,0.798,0.797,0.797,0.796,0.796,0.806,0.808,0.809,0.811,0.812,0.813,0.814,0.817,0.824,0.831,0.837,0.842,0.846,0.85,0.82,0.83,0.841,0.851,0.861,0.87,0.878,0.821,0.834,0.846,0.859,0.872,0.883,0.896
0.831,0.826,0.822,0.818,0.815,0.813,0.811,0.803,0.795,0.79,0.786,0.782,0.78,0.777,0.792,0.783,0.777,0.773,0.77,0.768,0.767,0.789,0.779,0.773,0.769,0.767,0.767,0.767,0.787,0.778,0.771,0.768,0.766,0.766,0.766
0.964,0.955,0.948,0.941,0.936,0.933,0.929,0.942,0.932,0.924,0.917,0.91,0.904,0.899,0.933,0.923,0.915,0.907,0.901,0.895,0.889,0.929,0.919,0.91,0.902,0.896,0.891,0.885,0.927,0.917,0.908,0.9,0.893,0.888,0.882
0.935,0.927,0.921,0.915,0.91,0.907,0.903,0.913,0.904,0.895,0.888,0.882,0.877,0.872,0.905,0.895,0.887,0.88,0.873,0.867,0.861,0.9,0.891,0.882,0.875,0.868,0.864,0.857,0.898,0.888,0.879,0.872,0.866,0.86,0.854
0.948,0.94,0.934,0.928,0.924,0.92,0.917,0.926,0.917,0.909,0.903,0.897,0.892,0.886,0.917,0.908,0.9,0.893,0.887,0.881,0.876,0.913,0.903,0.895,0.888,0.883,0.878,0.872,0.911,0.902,0.893,0.886,0.879,0.874,0.868
0.865,0.858,0.852,0.848,0.844,0.842,0.839,0.839,0.829,0.82,0.814,0.809,0.805,0.801,0.829,0.815,0.804,0.795,0.789,0.783,0.779,0.826,0.811,0.798,0.788,0.781,0.775,0.769,0.824,0.81,0.797,0.787,0.778,0.771,0.766
0.847,0.841,0.836,0.832,0.829,0.827,0.824,0.82,0.811,0.804,0.799,0.795,0.791,0.788,0.809,0.797,0.789,0.782,0.777,0.773,0.769,0.805,0.793,0.783,0.776,0.77,0.767,0.763,0.804,0.792,0.782,0.774,0.768,0.764,0.761
0.808,0.807,0.806,0.806,0.806,0.805,0.805,0.822,0.824,0.826,0.828,0.83,0.831,0.831,0.836,0.844,0.851,0.857,0.862,0.865,0.869,0.841,0.853,0.864,0.873,0.883,0.891,0.898,0.845,0.858,0.872,0.884,0.895,0.906,0.918
0.959,0.951,0.945,0.94,0.935,0.932,0.928,0.936,0.928,0.92,0.914,0.908,0.904,0.898,0.927,0.918,0.911,0.904,0.899,0.893,0.888,0.923,0.914,0.906,0.899,0.894,0.889,0.883,0.921,0.912,0.904,0.897,0.89,0.885,0.88
